referendum_index,origin,address,amount,avg_conviction,total_votes,status,voting_time,delegated_votes,delegated_amounts
379,staking_admin,CwCxSRmEQybec5sgiZuDxpYeSdusNcUXeTTB2RCsmiaWHxi,195000.0,1.0,195000.0,Nays,1713860466,0.0,0.0
379,staking_admin,EX9uchmfeSqKTM7cMMg8DkH49XV8i4R7a7rqCn8btpZBHDP,186000.0,1.0,186000.0,Nays,1713860466,0.0,0.0
379,staking_admin,Cn4ySvWgpAqPVj1pwETTPd7eqpg85Cf3KGojG9CJfoK1gp8,180000.0,1.0,180000.0,Nays,1713860466,0.0,0.0
379,staking_admin,DMHW1yWZS4qingUwcJRjZSJ8SvbvMUEKZL1oMiwcUXHBGWA,150000.0,1.0,150000.0,Nays,1713860466,0.0,0.0
379,staking_admin,DCZyhphXsRLcW84G9WmWEXtAA8DKGtVGSFZLJYty8Ajjyfa,348.17262309604,3.051444688033626,59940.1335631298,Nays,1713975114,58895.615693841675,19295.025825883768
379,staking_admin,HqRcfhH8VXMhuCk5JXe28WMgDDuW9MVDVNofe1nnTcefVZn,1000.0,2.7994935312405977,11165.5,Nays,1713836418,10165.5,2988.4
379,staking_admin,FtUXQRjFbo4ZYv8eMma9oV4haLwMeWzyjSvNeYSNPfMue9W,1400.0,5.0,7000.0,Nays,1714522620,0.0,0.0
379,staking_admin,FcjmeNzPk3vgdENm1rHeiMCxFK96beUoi2kb59FmCoZtkGF,100.0,3.4210526315789473,6500.0,Ayes,1713776286,6000.0,1800.0
379,staking_admin,FFnVrHCy9mCv1dMwJbqSa7cLtrDmj2u5bJ9oHxKRhWpcd91,1666.67,3.0,5000.01,Nays,1713836454,0.0,0.0
379,staking_admin,GZDxU5H28YzTrtRk7WAyGrbbpdQCdHNRUG6VKJbxpfo81bu,1e-12,1.0346820809248556,1790.000000000001,Nays,1714242264,1790.0,1730.0
379,staking_admin,JFArxqV6rqPSwBok3zQDnj5jL6vwsZQDwYXXqb1cFygnYVt,400.0,3.5806451612903225,1665.0,Nays,1714383498,65.0,65.0
379,staking_admin,GqC37KSFFeGAoL7YxSeP1YDwr85WJvLmDDQiSaprTDAm8Jj,50.0,4.7028635720248255,1295.78,Nays,1713822432,1095.78,225.53
379,staking_admin,GA9psXCW91jbLCn6jySFovNyc7kFsZBtC21YoAT8vNsY2Hc,0.2,2.2772092544036164,1295.1721,Ayes,1713783672,1295.1521,568.5541
379,staking_admin,G4UB5DJvfycaDNaUad21LQqjJVzBoTki1gf7PbKtMUowDwv,1.0,5.970646766169153,1200.1,Nays,1714498158,1200.0,200.0
379,staking_admin,Cb3ZF5tmeTEDR44MRLAPH3agiv5ntLG6VMZ2U5x8QM3XkGY,25.0,6.0,1020.0,Ayes,1713614676,870.0,145.0
379,staking_admin,EtommijqrHDFWFvBxP515oUbkXx9vK2qohzrmwpCXbU7Yx2,1.0,5.939795918367347,582.1,Ayes,1713547248,582.0,97.0
379,staking_admin,D8DtYYJUUBoACJwJrLNyn8aYArumdViVWAcZRUKcxnSoV9D,550.0,1.0,550.0,Nays,1713856164,0.0,0.0
379,staking_admin,J19LYGghRCe4Ct3VW4Vz1amMoUgogS1sh2FQvPWroKcDdb1,500.0,1.0,500.0,Nays,1713881520,0.0,0.0
379,staking_admin,CwPFXLx7NmPRsQyAFTBscxK7Ph1sJ9Ngekc6rXMxTwdw5PZ,40.0,1.0,441.7192,Ayes,1713644208,401.7192,401.7192
379,staking_admin,EQMipshNYYvHL427XS2HyTvisAhTokXKZfhaRkKxz6sKxQd,100.0,3.0,300.0,Ayes,1713774744,0.0,0.0
379,staking_admin,CgatoWx7Zu4yfaREFsuet3RzBcrRkYXA6sevo1VgjnLB8c3,0.06,5.962779156327543,240.3,Ayes,1713561222,240.24,40.24
379,staking_admin,DN2oxCHnJviLK1NoYdzSNo9n9gmH3eBTfLGXSUcoFcq5khX,70.0,3.0,210.0,Ayes,1713774774,0.0,0.0
379,staking_admin,EQF693vsen6WxMdoYgf2cypvH4saFJWFzDupoFUT79MffeW,58.064,3.0,174.192,Ayes,1713588000,0.0,0.0
379,staking_admin,EctdZvgkphLJMQmKntaPP74LKpGvDKaj1cbqC8fUT4HzqiC,25.0,1.7222222222222223,155.0,Ayes,1713638034,130.0,65.0
379,staking_admin,CaVLqgMmajk7ySYjo4SPqauXwsZu8Y5tP9vVDvJvcecbp3n,50.0,3.0,150.0,Ayes,1713587970,0.0,0.0
379,staking_admin,J7XHBQxacqTTVkoNoSgcG6CgREb9JVh2DHBbBQ1ycvkLBq4,50.0,3.0,150.0,Ayes,1713774864,0.0,0.0
379,staking_admin,GefTiMd4roQrRkJzurdLdGsoAUkmMkiGoYd6Cvu5oqCgamX,18.0,3.0,114.0,Nays,1713978684,60.0,20.0
379,staking_admin,JKzwkX6JcARutZvJpArnUFZnYnbsZedCTJfbhrqTtPuxezU,101.0,1.0,101.0,Nays,1714749090,0.0,0.0
379,staking_admin,DXuN5rty7aNtc3rb7s1HQFsNuiXYtQvFv5HtfkWGq5yyhP9,101.0,1.0,101.0,Nays,1714749054,0.0,0.0
379,staking_admin,GPTwmqixpfnum8jCBVmYBYnseb8q6g9b4kxWRRuuRTAqMoX,101.0,1.0,101.0,Nays,1714749132,0.0,0.0
379,staking_admin,DPoJe9z9k36jJpCj32K6m2eT6DAnwvkrUsUkXHnRXWiEuyY,101.0,1.0,101.0,Nays,1714748886,0.0,0.0
379,staking_admin,HTiHYfSRCkUn5u58KRHWjkNPRPP1MNahuXdEr2TtJ5xXfZU,101.0,1.0,101.0,Nays,1714748838,0.0,0.0
379,staking_admin,DMNWV5U4GHvc28LNbYzckpPqihSqSu6C4WnKQWgSXbZqwJy,101.0,1.0,101.0,Nays,1714748964,0.0,0.0
379,staking_admin,ESM8k6WhtMu8gotAkmuNrGhrG9RR7mAfvLARyif9Gqjvu2P,101.0,1.0,101.0,Nays,1714749168,0.0,0.0
379,staking_admin,EzAUyKjTG4BooK598kPGAWJzXqBAzfL77KYYfdqxPzW1G4f,100.0,1.0,100.0,Nays,1714308924,0.0,0.0
379,staking_admin,EmAFBdRFbJiyThqSt9vv2vVECcdTU9nJqa3wTxgKCVKMoC4,100.0,1.0,100.0,Nays,1714749252,0.0,0.0
379,staking_admin,Dm4uKxZJZHJbpZpfnYPiHnbgyHWKMU1s5h6X7kqjfYv1Xkk,100.0,1.0,100.0,Nays,1714104792,0.0,0.0
379,staking_admin,FUDBmPmHvoLnCtxbW55MhyYnhiN33CwtvFYux5CcfSSC8As,100.0,1.0,100.0,Nays,1714308948,0.0,0.0
379,staking_admin,Dmkww4FsXG3gjCTdpuyAXxfKWtXfYcxV1VJfy7JyPxvjUPA,100.0,1.0,100.0,Nays,1714749210,0.0,0.0
379,staking_admin,GZeiCMQMMU3yPV2GMwZoiNvC1cqMWx7HTSBXeJsd27b3Wnj,100.0,1.0,100.0,Nays,1713965016,0.0,0.0
379,staking_admin,EtuN1h92gaV961S15PwxN6GHyeonaojALZ8Dddgn1oDPRFt,100.0,1.0,100.0,Nays,1713863514,0.0,0.0
379,staking_admin,GPeAgenYP4rngtRtFufgCcn3oezWRRHgzCPJUSSqbNfxFkm,100.0,1.0,100.0,Nays,1713863466,0.0,0.0
379,staking_admin,FS8nKS5ReuaA999xUKTEzDDCA8BXyyrxD73KKyqwbRRt2Hf,50.0,2.0,100.0,Nays,1713847500,0.0,0.0
379,staking_admin,E5hWebLmPSFSUq3nSfGuFYopAK65fooqiXV91gQwuZGuMad,100.0,1.0,100.0,Nays,1714104810,0.0,0.0
379,staking_admin,HyeiEyrdKTvJBpgSXNFtsYGLZiaWjSLjTSTDwZT7WDNwzi2,100.0,1.0,100.0,Nays,1714748928,0.0,0.0
379,staking_admin,EUpZJBP4ycthqtGQum4ZUTMCxissiage6ffBgDBorJY7XRn,95.0,1.0,95.0,Nays,1714423602,0.0,0.0
379,staking_admin,EyJgtqqbVsxArS7zuDq8rGTCA7m5WAqxv32msopPfWxwwpA,90.0,1.0,90.0,Nays,1714308870,0.0,0.0
379,staking_admin,FDL99LDYERjevxPnXBjNGHZv13FxCGHrqh2N5zWQXx1finf,85.0,1.0,85.0,Nays,1714137486,0.0,0.0
379,staking_admin,GeSU3Yv52v5Bux66tUYRemisbSmWQ8ykPoUt4N7rBy88LxM,10.0,3.0,72.0,Nays,1713941148,42.0,14.0
379,staking_admin,GJWFwL8bxZszS5nJNWCV6vC5nBERLgscKSeNF3U9ZcQxL12,70.0,1.0,70.0,Ayes,1713548244,0.0,0.0
379,staking_admin,CpF6D3kCL9u1ZvZrM1AC1chww6yBzK35zqixQstxFBqmCFw,60.0,1.0,60.0,Nays,1714308894,0.0,0.0
379,staking_admin,CmjHFdR59QAZMuyjDF5Sn4mwTgGbKMH2cErUFuf6UT51UwS,18.0,0.7617647058823529,51.8,Nays,1714053492,50.0,50.0
379,staking_admin,ESsiAML767Bxn8iXNLggxYCCBeuaysqVs86X6BY6zqXCmdT,50.1,1.0,50.1,Ayes,1713789498,0.0,0.0
379,staking_admin,GHewg8AxLL7JpRYDoqEyTk5bhGndhMvsDWo68St7D9YDH9Z,50.01,1.0,50.01,Nays,1714308624,0.0,0.0
379,staking_admin,Dr9QwogB1x5BH91L4ebVnW2c8ZV9oQDfCRk4RUja5bTQjtH,50.005225696211,1.0,50.005225696211,Nays,1714308684,0.0,0.0
379,staking_admin,EfGRcmd9Ew1NeKc6uMNjJm9gZJL5s91RTk6y3Z7YjMVRRqP,50.0,1.0,50.0,Nays,1714308738,0.0,0.0
379,staking_admin,Fynn5CRPtc8xH1gM5emZoRkXEZstrJE3ixmtNqTKa9yaV56,50.0,1.0,50.0,Ayes,1713703578,0.0,0.0
379,staking_admin,FWz717J6ATaYSNy2tRHAskEC9SP4uKHNJYC9mvfvimkB8GT,50.0,1.0,50.0,Nays,1713939654,0.0,0.0
379,staking_admin,Dz4kkGBhj8Z73rLetfignvS1k9VJspphWgBU3SgyYbd7wZJ,50.0,1.0,50.0,Nays,1714308714,0.0,0.0
379,staking_admin,EyZZCbvA9NybsZuR28pFn7fBK9mun8Twgb8tAKuf1taJZie,50.0,1.0,50.0,Ayes,1713703536,0.0,0.0
379,staking_admin,DQ2JCQDo7BtsxsBbURLK1djr3W3CQgumNys888pPmsF8XpU,50.0,1.0,50.0,Ayes,1713587244,0.0,0.0
379,staking_admin,JHwBvr7JeNXW8S8JL7wumsvqYZ8Kf2W1xrYn5nS1Z8p81VL,50.0,1.0,50.0,Ayes,1713580428,0.0,0.0
379,staking_admin,HvumdQbk47PXTz57UDrZP5n8rmgf27upC1ooPjtZf9XA2Wk,50.0,1.0,50.0,Ayes,1713580416,0.0,0.0
379,staking_admin,EofzKajSeoukr8NabkTQaTnbdaPfoVuwf5gj6dLhiAFtGAE,50.0,1.0,50.0,Ayes,1713703560,0.0,0.0
379,staking_admin,GL5jF2yxfVA499zNkjMEfiznhD2hJQX4s2Ega7fk93vt8qf,41.0,1.0,41.0,Nays,1714489440,0.0,0.0
379,staking_admin,HtMDKF2DvDBtZkd9FjZ9iKozLYkv5NxzeDT5HdS9ZjM6CsS,30.9,1.0,30.9,Nays,1714242672,0.0,0.0
379,staking_admin,J73KksJ1DGjH95YGkgGXQ7F1TPZW4jgQbXN3QaujpJm7q8X,30.9,1.0,30.9,Nays,1714242702,0.0,0.0
379,staking_admin,EireUH7cs8TkndRdr5M6WbLcaTvzR7QPrmamfjZjxwJjeAR,30.9,1.0,30.9,Nays,1714242654,0.0,0.0
379,staking_admin,DrFbLkxMiDya9vD4RYtKh8yJhUSNpAmsFTRgb3ypirs7mB9,30.9,1.0,30.9,Nays,1714242684,0.0,0.0
379,staking_admin,HZTafkU4miEueameeS7ijf11agn4p7y8hLoYR3tpadQcaht,30.9,1.0,30.9,Nays,1714242690,0.0,0.0
379,staking_admin,FVPEQNzQvveCgXV35QtfH1gpqbYi8ZkBjUkBNHX6YegbDcT,30.9,1.0,30.9,Nays,1714242666,0.0,0.0
379,staking_admin,HcZUEgmqJpvdtBNFUJReCdZgXAQwJCf748zQZYiN77bq2eN,30.9,1.0,30.9,Nays,1714242558,0.0,0.0
379,staking_admin,G4SjwdzLwTKFeFGPUkGSGwDvq2nvthBzidFk6bN3hEqLgTL,30.9,1.0,30.9,Nays,1714242648,0.0,0.0
379,staking_admin,DDfX6YateV2xDEaT6FRUetHMn314ARaH4PeGed4pxp9zZWN,30.9,1.0,30.9,Nays,1714242576,0.0,0.0
379,staking_admin,E2wrZkMNXSwjvMHC4BdZXc5d5LXG1ruxkWW85mCGX4An2sm,30.9,1.0,30.9,Nays,1714242636,0.0,0.0
379,staking_admin,FLbhL7dMNfB7EdBBmsq9KGj8uQ56MnV8ymNJ84XwfntZ3kz,30.9,1.0,30.9,Nays,1714242492,0.0,0.0
379,staking_admin,HLBAwTqLhBMwkfkZ4hnQSQv1thpqX1Js9Wc1G48gTZPuUYj,30.9,1.0,30.9,Nays,1714242504,0.0,0.0
379,staking_admin,FqcVcH2SRVZqrJU5rmTT7P3w5z1Y1XNEjrTKWivVfxFJpfK,30.9,1.0,30.9,Nays,1714242510,0.0,0.0
379,staking_admin,G4gync2U6BA2NXTTBaW7U4NKp5ugVmZTfcGsn29uYNLJNEW,30.9,1.0,30.9,Nays,1714242528,0.0,0.0
379,staking_admin,DPh3ofCWMJpmd4HZerwBQknvuufQ2dFieDCQm6aiSxNoEJP,30.9,1.0,30.9,Nays,1714242540,0.0,0.0
379,staking_admin,G9m9m6Bb1zEn25b1pyUpxafXpwfQXTi7o62E5a6oMCR4jiA,30.9,1.0,30.9,Nays,1714242534,0.0,0.0
379,staking_admin,FsvQVH4MdMP9QMB2geTM1Nro5yjjNr9KdmUkZ217WmprW8Q,30.9,1.0,30.9,Nays,1714242600,0.0,0.0
379,staking_admin,Fyb5kTPV6KWieLgTwScdZ8N1JW9Pu9TF7B9FSXKKbHvxSiY,30.9,1.0,30.9,Nays,1714242516,0.0,0.0
379,staking_admin,EaaLfXYx6DPbvkis5tASYroq4DeKER8p5SUAYS4UfRf9czn,30.9,1.0,30.9,Nays,1714242618,0.0,0.0
379,staking_admin,DXvkLpc6A47KucvcdQjAQTsT2zzcBfGTuBooHCr8dFqaT9R,30.9,1.0,30.9,Nays,1714242630,0.0,0.0
379,staking_admin,DajkW6NcWq1DtFeFB7xxhRjW2w3tsGaNkbGQ3wuxrtmACr5,30.9,1.0,30.9,Nays,1714242612,0.0,0.0
379,staking_admin,CxaLLBqYFneSXx5vT4Mwe66paz8jae14BGY1xoucBj6De4G,10.12,3.0,30.36,Ayes,1713591138,0.0,0.0
379,staking_admin,GJNd3aF2HqTrE22XE5aUWuThkGMPVAcCF1aU1fzBXy7Cwiy,10.1,3.0,30.3,Ayes,1713563400,0.0,0.0
379,staking_admin,GcdTqfCeMJFPFcBzsgjcC4ckV8tfBG8Kp3FzeEYJ52nEY7U,10.055,3.0,30.165,Nays,1713940170,0.0,0.0
379,staking_admin,Fybpiz1yhxktoioDNYyi2L91TgEGv3W2RUeN8QDE2zDX22P,30.1,1.0,30.1,Nays,1714242120,0.0,0.0
379,staking_admin,HnBWLVEvV8c1A2T41bghmTG7UytbUFmGpJCXtbgg6aJEY9c,30.1,1.0,30.1,Nays,1714242438,0.0,0.0
379,staking_admin,CwwH61SCaD8rg5drggFgQUB6dpgxRBkwRxSQsQHReVtxvin,30.1,1.0,30.1,Nays,1714242318,0.0,0.0
379,staking_admin,GvzmWHtv9tX5GAzdm32mcKmNMRZgFm9zhaiJmcebFbfCRf3,30.1,1.0,30.1,Nays,1714242486,0.0,0.0
379,staking_admin,HRrTMPqvWakfm8M6sAVZv2xvR7Cf1y6sxGPqwukMtvpzcLu,30.1,1.0,30.1,Nays,1714242480,0.0,0.0
379,staking_admin,GS4SDaoNgqTUzaNbmyNfYxXugX3pokQrQprkZSAHfLaywcP,30.1,1.0,30.1,Nays,1714242468,0.0,0.0
379,staking_admin,Dr6BKiQxJUmfHoqAXQbsWvEz9YTXA16kL4HDfxDWtishPjD,30.1,1.0,30.1,Nays,1714242462,0.0,0.0
379,staking_admin,EAywEPsdAehrjfVJSGvxu2CFgTj89pzQxbC5n48aMjPTiDq,30.1,1.0,30.1,Nays,1714242450,0.0,0.0
379,staking_admin,EdGqFCQBQs1dU9dDfqtj3C4eKQyoyykk8FcxLzsZYEYnsKi,30.1,1.0,30.1,Nays,1714242360,0.0,0.0
379,staking_admin,CmhUDpmJS3px7Ftyri3BPdz8uteX63B3TxrmrFnGQRThAD9,30.1,1.0,30.1,Nays,1714242432,0.0,0.0
379,staking_admin,GAFxD9SfoUyDnjCqSHcyHTG15xdHTDwYMzijsGK66fMjKX8,30.1,1.0,30.1,Nays,1714242414,0.0,0.0
379,staking_admin,DW18jUouUsoGyZPLSmFXRe3e4aj2X1NXYuK8iwMfHHoxbk5,30.1,1.0,30.1,Nays,1714242312,0.0,0.0
379,staking_admin,EhpxJnaiGT4ttFUayKYqbDMHL1wojkTJSPJfwDVLPEFJ6fr,30.1,1.0,30.1,Nays,1714242408,0.0,0.0
379,staking_admin,DQeyYuXkGNiKcVLuQ21hsJUcEhUh9yuo9enNXBMBvUxLZNU,30.1,1.0,30.1,Nays,1714242390,0.0,0.0
379,staking_admin,DAkzQwcPuur1rAAPyvNcnF8zhBR4sHLegu2NJf3UqXogCqK,30.1,1.0,30.1,Nays,1714242366,0.0,0.0
379,staking_admin,HggBAveApqTvca1JPt2M2Wkddk5zzhghgE51yD1G7XVnJ5L,30.1,1.0,30.1,Nays,1714242216,0.0,0.0
379,staking_admin,GaBrXXiBWSAapts6n4y3N6LkQmFRzAARjRthnKFAVB3sYew,30.1,1.0,30.1,Nays,1714242354,0.0,0.0
379,staking_admin,EcXkhaLrk4tA5pJmhEijAxvCvBMR45Q65Lni2Df2YhS2NaM,30.1,1.0,30.1,Nays,1714242342,0.0,0.0
379,staking_admin,GZBDkdqnCsxukdoTeLow4zPEmfkexoHyCbi5iqFK1NR4qcd,30.1,1.0,30.1,Nays,1714242306,0.0,0.0
379,staking_admin,H4sYXQuyfQmr6gM7z6MhwGKCCQuhX9b8HBRNgQb1JcZqH3d,30.1,1.0,30.1,Nays,1714242186,0.0,0.0
379,staking_admin,Efbr3JR6mnnf7YyhQRLghyRtrn3GdN6FfEn2YfMkBoNqydT,30.1,1.0,30.1,Nays,1714242300,0.0,0.0
379,staking_admin,JFKqScUBsJRsguZVgDi5YpTv9TPuPhed3BY7iqUZD7NL6kC,30.1,1.0,30.1,Nays,1714242132,0.0,0.0
379,staking_admin,Fo6cDiiqv9EtouUAyoTfEgL6mpJu3oQbiBwU8puELovAHjq,30.1,1.0,30.1,Nays,1714242330,0.0,0.0
379,staking_admin,ESNSAFk9XVFr9xouzp5pQiPGukHNLWUm23YxH76mCiahGvX,30.1,1.0,30.1,Nays,1714242288,0.0,0.0
379,staking_admin,GhkvnKP6dYMp4dLK6DioQLmMtRW7ufb7TY8EFWSFuasXCiw,30.1,1.0,30.1,Nays,1714242282,0.0,0.0
379,staking_admin,Fd7ehm3m1QtNNSWbk8XqwDSZAtQr7TekxbsM47GQDfQFwaL,30.1,1.0,30.1,Nays,1714242270,0.0,0.0
379,staking_admin,GtK9JQuXpTfpVD7YBK9G9UZq962EgSq8EY5tEaWDDSWstXU,30.1,1.0,30.1,Nays,1714242264,0.0,0.0
379,staking_admin,EQ3VSWuMQAgV8Vhdkj8627fS4QwP5JLkhprtQwrx2jn14YG,30.1,1.0,30.1,Nays,1714242258,0.0,0.0
379,staking_admin,HRKY23Z1RYrxQkaBSszxEhZKHNsrWhjVB5NJP8Ld2oXuMT5,30.1,1.0,30.1,Nays,1714242252,0.0,0.0
379,staking_admin,DY5BbHd7PjWDXwVwW1Y8j6Q7sruRTp6fatU73iqtSxyN8RT,30.1,1.0,30.1,Nays,1714242240,0.0,0.0
379,staking_admin,DoNVoUgimyw9vcitVDDye2P8HGA23BcTBPzo65gEa7PapR8,30.1,1.0,30.1,Nays,1714242234,0.0,0.0
379,staking_admin,HexVgzvsSoGTzuQoYufmYi1sFUNq62Kg8TkjEhskgWnUwBs,30.1,1.0,30.1,Nays,1714242222,0.0,0.0
379,staking_admin,F7SNFDK1gMt3AFteMpm3ihYjjXYh3axHLepoZ8ao1G3y38M,30.1,1.0,30.1,Nays,1714242204,0.0,0.0
379,staking_admin,F54yGTQZUmcamWvPBsEYddmnenxkAT11ofRLgHk1LeBrYb1,30.1,1.0,30.1,Nays,1714242198,0.0,0.0
379,staking_admin,J12DbYpGd26dbu2jHkxMSLoXb6PFTTYVKYkPZAM1qXtgjpg,30.1,1.0,30.1,Nays,1714242180,0.0,0.0
379,staking_admin,Ew44h5cEzCGHgkNRjL8NVQb4g4cYBzwJ3PWpRVeNV3sjgF1,30.1,1.0,30.1,Nays,1714242162,0.0,0.0
379,staking_admin,DVf85uamzamui2C5czFMEcnAvT3xuqA6QQhFHFL6cj4eZrb,30.1,1.0,30.1,Nays,1714242156,0.0,0.0
379,staking_admin,Cj1mN4mFJLC7bZp9qH6J4PgFPXK5Je59meQm8DjKx8z4J21,30.1,1.0,30.1,Nays,1714242150,0.0,0.0
379,staking_admin,Dae9hZY5E33Y3EXc4nXpr6vmajqMPwXDWmf6N23ADPMnvsM,30.1,1.0,30.1,Nays,1714242144,0.0,0.0
379,staking_admin,DYWzCRvPNpKJfw53AzGVqPiQmuCs1nyGUMTLSRqVbsMVYkk,30.1,1.0,30.1,Nays,1714242336,0.0,0.0
379,staking_admin,HF7JXubqsfQTMMBWtoCU2CZF9Ei9k3QYpeMKZXkQRVCaeop,30.1,1.0,30.1,Nays,1714242426,0.0,0.0
379,staking_admin,FZpdcuXc6Sx5M46bXNYQeCrWkDNk9Jyfcgt7ujqsLrUybzG,30.1,1.0,30.1,Nays,1714242402,0.0,0.0
379,staking_admin,Ht9HGYZ8bQtBtsmeizS7uRKtpyoFj2w5sRbFYzwtyYvGPbY,30.1,1.0,30.1,Nays,1714242108,0.0,0.0
379,staking_admin,G82SnmF4YqFPmzvVPCKvzhBThtUyyRYZeFw1QgdDS9Mx8ep,30.1,1.0,30.1,Nays,1714241934,0.0,0.0
379,staking_admin,HyCMFxqnDpzuvK9KKKnenovHtob8remsYgNt5gU9mk7RKz8,30.1,1.0,30.1,Nays,1714241928,0.0,0.0
379,staking_admin,Ei7XDyd8nuBjbtSqxJrgnN9bpSrLa3T7uwoiiQzbtRTmiK3,30.1,1.0,30.1,Nays,1714242084,0.0,0.0
379,staking_admin,EY7PMnfw26K6ZxuEkqKxQB7CfidSDGZ8u1ofwiWZAJqWiAE,30.1,1.0,30.1,Nays,1714242072,0.0,0.0
379,staking_admin,FfUYma4kWyLYeGC3ybXDJJfPCr97DPfWE7hgBGyP55uW2zC,30.1,1.0,30.1,Nays,1714242066,0.0,0.0
379,staking_admin,HHMYkuWdVg6dF2J8mEm8us9gYGycWXWStyMDHQ4hytUWaih,30.1,1.0,30.1,Nays,1714242060,0.0,0.0
379,staking_admin,CbPMR9ZZzoMEWvnPaxiKWe9Mq9KSxAd4bSZp8YzqmE6B237,30.1,1.0,30.1,Nays,1714242042,0.0,0.0
379,staking_admin,FABAoQasNqvhASgywkhE7SEQ9MEhNPGurmVfKFSRUWWrCQV,30.1,1.0,30.1,Nays,1714242102,0.0,0.0
379,staking_admin,DjBmNUt6kdABhGKBT2rdzDQpamaAvcUtLv56acfb4AYPyY2,30.1,1.0,30.1,Nays,1714242036,0.0,0.0
379,staking_admin,H9zozhFdXdbD6mGjxBos6Dx3A4HBBWqJzbFtF3vQU7Wfb1T,30.1,1.0,30.1,Nays,1714242030,0.0,0.0
379,staking_admin,Gf44Fp563aJgU36ti5At8Ne1s1pucxw9XW93Wbs8tngLmTQ,30.1,1.0,30.1,Nays,1714242018,0.0,0.0
379,staking_admin,D5bJ3zbw2FtxAdje8J9n9dHYDvrBapxpN8RzjzfJMv1ZG5g,30.1,1.0,30.1,Nays,1714242048,0.0,0.0
379,staking_admin,DVzhZcHX1jkQxb3ap9VsWJGjeMmj2tgr4jAv33kkeioF6UH,30.1,1.0,30.1,Nays,1714242006,0.0,0.0
379,staking_admin,EJwsWsQHdsyL8LUhAyzJ35nSbj7RM2SbXsxRf5BcPKYuHVp,30.1,1.0,30.1,Nays,1714242000,0.0,0.0
379,staking_admin,HjoMMxTN96RdYnJ7anFRHngawbYnumh225UD2L7hE5J8m7y,30.1,1.0,30.1,Nays,1714241988,0.0,0.0
379,staking_admin,DMGhoWr9Cm5sv6G9XfV9GxwYvxfYG4SQQvDoVKoF8eGfzVP,30.1,1.0,30.1,Nays,1714241940,0.0,0.0
379,staking_admin,FGGnTrfikKB6Fz9Wge2VTKH2Dmz8ijnCAiA4mgJMBwXD7ip,30.1,1.0,30.1,Nays,1714242012,0.0,0.0
379,staking_admin,EXf8XaT8UCDRdiBBjXbWJzytaDbvk8nNoPaRrwuqLLHvXLr,30.1,1.0,30.1,Nays,1714241976,0.0,0.0
379,staking_admin,Das8EAFH4Ga8b1bYBVncg1en7ThvP8TNhLxiP2UFSQgq9yR,30.1,1.0,30.1,Nays,1714241964,0.0,0.0
379,staking_admin,HTvdLCzh7Cjb3s8b4f85MB67CPgR57bvd6jEsgUnwy9utSk,30.1,1.0,30.1,Nays,1714241982,0.0,0.0
379,staking_admin,DPxFU9ndooJ14GysVHnMV9hCUJNPzCDvPvLGWzYWyuuWtVd,30.1,1.0,30.1,Nays,1714241958,0.0,0.0
379,staking_admin,EJHZzF1E7U5bGGq7NFkK78TK8Cjfv4WKS9EyUhimaTa2n3j,30.1,1.0,30.1,Nays,1714241748,0.0,0.0
379,staking_admin,JE8ijHKh47QDo4JmzqmVtSxJ3zX1YHRUoTFjzZsgUdakKsQ,30.1,1.0,30.1,Nays,1714241922,0.0,0.0
379,staking_admin,F5hVBUBi3pPpnxmhgsRwSH8123WoyXeQY6g7M53s6KZsqMb,30.1,1.0,30.1,Nays,1714241814,0.0,0.0
379,staking_admin,CxQ2X1g472WxdvnTY6L1QCRruQeLkQpr2oMWPt9hGUz2Wkr,30.1,1.0,30.1,Nays,1714241682,0.0,0.0
379,staking_admin,FZdfmeKsCqeBTDcm2BWDhgZMqY8mZNdxdRyLTHEtqCwrnTh,30.1,1.0,30.1,Nays,1714242174,0.0,0.0
379,staking_admin,HXJeu7zZUw6R2PKW8edgiLanMgcoH9qhHjEEjdSNTM1KCuU,30.1,1.0,30.1,Nays,1714242090,0.0,0.0
379,staking_admin,FWqe8WzVwQtH88NzhvKddMap9BM61VDTFPFWmECtoEC3QWk,30.1,1.0,30.1,Nays,1714241904,0.0,0.0
379,staking_admin,Ep66c9ryyaMQQpc11he8pX7mJJ6mzJYjG88RWfaNmf7cjEn,30.1,1.0,30.1,Nays,1714241898,0.0,0.0
379,staking_admin,JF5TM7uDnW2s3mGZa7J8ztEqnvX7PzdUrC9ChMXXAgVnXQy,30.1,1.0,30.1,Nays,1714241886,0.0,0.0
379,staking_admin,G7rdQD4gpHhpanj3RWdQtEqM5BYTQAFjh6n1kdV8E9NSNug,30.1,1.0,30.1,Nays,1714241880,0.0,0.0
379,staking_admin,GbszByVQga5aseouPdnUD25FVBjGdZqUKgoVT7ZzJmGDfo5,30.1,1.0,30.1,Nays,1714241868,0.0,0.0
379,staking_admin,G5STbaohUs5QVWWRMNdxrxjKvdSDv2vPy32UwNZjyXj6qyc,30.1,1.0,30.1,Nays,1714241856,0.0,0.0
379,staking_admin,Cu8u6yXDRzUvyP8omRm6b4qmB3gxVGgoCtjMqXK4xAQ5DtB,30.1,1.0,30.1,Nays,1714241850,0.0,0.0
379,staking_admin,DdZyNnKXSbTgj6z1MznDgexJqNcsZURHmqo61LTZ1dbwEYW,30.1,1.0,30.1,Nays,1714241844,0.0,0.0
379,staking_admin,GF7nRFAsqi9yMPiJtq3fWGZ1WkFm8Ho1o3dUHRTwXKLbV3J,30.1,1.0,30.1,Nays,1714241832,0.0,0.0
379,staking_admin,DMmLHa9uPTwqfy1yDQpqmhDSwbUwPayo7PhMrzae5t6mrZ5,30.1,1.0,30.1,Nays,1714241910,0.0,0.0
379,staking_admin,FiVC7XhWTkX4UhGRu3r5LcPjJVnATKKyaWWApXQGwV1HeN9,30.1,1.0,30.1,Nays,1714241820,0.0,0.0
379,staking_admin,HChfDtJFaESuFAcFjnas4C3vgdTwwN4x3spTD5myS1wuM88,30.1,1.0,30.1,Nays,1714241802,0.0,0.0
379,staking_admin,DQCYLUZFKsYgDxkMrKLbHpwDrUQ4iWLN3ndycemKvgzR9FN,30.1,1.0,30.1,Nays,1714241790,0.0,0.0
379,staking_admin,H9xG68QyfDKLSxoo8qynAuW2AUP1N7c9RifMHrGCFX15HMr,30.1,1.0,30.1,Nays,1714241778,0.0,0.0
379,staking_admin,FDRNy6Jmf511jLnkU2HZEhy9pQwBt3hTAmFjbBGKfDzgG3e,30.1,1.0,30.1,Nays,1714241760,0.0,0.0
379,staking_admin,DGhaAg5fyedkWVBxqEmrGHb7ojihEummpt3X36LghEztgMH,30.1,1.0,30.1,Nays,1714241742,0.0,0.0
379,staking_admin,EPasgqf5Q7pwKRxNRyMfbYg27impGh6Ywj1Uy5U2cqVG6F8,30.1,1.0,30.1,Nays,1714241724,0.0,0.0
379,staking_admin,F8D8jsuwgFvDQNFizKBBCammESkYSVBZabrSgEY6kc1t6Yu,30.1,1.0,30.1,Nays,1714241712,0.0,0.0
379,staking_admin,J6Y4ZPAQSx141JW79iJkBjGPjht2YNqTmzt31WaQE78Bxex,30.1,1.0,30.1,Nays,1714241694,0.0,0.0
379,staking_admin,DaGnTUcuDrGkqNrnn7g19eSJkHpNdQdLJ3ujHrMUNig5izU,30.1,1.0,30.1,Nays,1714241952,0.0,0.0
379,staking_admin,J9xpczE5TBP36bvZmiVfEyQ14XENTJrGPbRZ32FzbtJuKNL,10.01,3.0,30.03,Ayes,1713566496,0.0,0.0
379,staking_admin,H9XELombQp2mSDakzZ4pXe5mwA8RqkFF5vKE4hhXyg7ko8Y,10.0,3.0,30.0,Nays,1714727544,0.0,0.0
379,staking_admin,ET9CeDQKCoLaoESiXb6bzrwpdySs3BdT9C1FAtCUaHQq3nA,25.0,1.0,25.0,Nays,1714495434,0.0,0.0
379,staking_admin,HLsPiB2amYFPFYMcYqKxGFLgDUVd4UP1kdA4QdZsH3e91LP,25.0,1.0,25.0,Nays,1714495410,0.0,0.0
379,staking_admin,HcdBFbGDMFzs5MuYQxFQpTBivHgH1UyFKqQDip9YgmqngKH,25.0,1.0,25.0,Ayes,1713714762,0.0,0.0
379,staking_admin,HX6qEdgi3eFMasuBwtVFLKKtKVJzHAAK17pLyB7SxkxCASD,234.04130693699,0.1,23.404130693699,Nays,1713855978,0.0,0.0
379,staking_admin,G2JyVQGxihdKXDBCC6BYNvsrY9NT4CsxfJ9dF1kjsyX2PJv,214.178835862892,0.1,21.417883586289,Nays,1713857346,0.0,0.0
379,staking_admin,FkqSqeRVr4VceTBKFXzwdSAjmB1QuhhVTdN1CXhRFvtPRZa,10.34,2.0,20.68,Nays,1714629438,0.0,0.0
379,staking_admin,HvCKgQnApvzKJPLc73VSaRhpGFmeQaEyZ4Dbcnj5dJyE6AS,0.1,1.9813725490196081,20.21,Ayes,1713594522,20.2,10.1
379,staking_admin,GHuTRo2jNiXZyc87dU9jRF5iASx1J9G4rgZLPgxxFpj6jD3,10.1,2.0,20.2,Ayes,1713595518,0.0,0.0
379,staking_admin,GCbjDUscmiDd9fKmui2unzbDEA7VbCYRVXzTXhUGdc7ffat,10.098688081491,2.0,20.197376162982,Ayes,1713606360,0.0,0.0
379,staking_admin,EyyCEQbJaXFA2eYeTp319vLqq1CEk9FLVyZjRmQkPPwPm7J,1.0,1.8272727272727274,20.1,Nays,1714569624,20.0,10.0
379,staking_admin,HZJ2qAYW5LSsR4ixpKPNNCm4dbyC8Lv1zHAcqTVLvfz5779,10.0,2.0,20.0,Nays,1714725954,0.0,0.0
379,staking_admin,H72hS8xLmSiSBqbBXHND2KbN8PAoevi52B685cbGki6T9nt,176.015398937925,0.1,17.601539893793,Ayes,1713574866,0.0,0.0
379,staking_admin,HKoo591knCFvXDgaDFSjYbyyZCHTzqSRurGzYobKEZ8k6D8,10.0,1.377049180327869,16.8,Ayes,1713638046,6.8,2.2
379,staking_admin,JHTfbt39EL1CcbKteN6hG5L5pWo9XWi9XFiyuS9q24cAc8u,1.54223333485,2.528530012332445,16.54223333485,Nays,1714002888,15.0,5.0
379,staking_admin,D6NNbc18fTh4WVQtmrTyLRHGv8SKVtjKFY8uV34k5ydBMaV,10.0,0.64,16.0,Nays,1714219650,15.0,15.0
379,staking_admin,EkNcJijf7V2VcPTeS8QJf5CYMrzSXibcPp6WQT9bnfpxLDX,14.388527057116,1.0,14.388527057116,Nays,1714040568,0.0,0.0
379,staking_admin,JKbJoCsgUEgjbGmGq7VdSNgSVQt8k43e3WWAYGCpiNP9r6D,120.0,0.1,12.0,Ayes,1713720804,0.0,0.0
379,staking_admin,EA9YDzksfSR3RjM5TzKS7bdvEzi7bycXLK15o5g6XTFxFfW,116.228061373956,0.1,11.622806137396,Nays,1713858834,0.0,0.0
379,staking_admin,D3Npzf9eBUovmPYc1zfJibkrnC5kGzYE3EorhYV5r6rdvaq,11.11,1.0,11.11,Nays,1714742400,0.0,0.0
379,staking_admin,Gk3ySuvNK7KDPaFyG45vEXJkoYUT5SkrdsRv9BepdfPPVzm,11.0,1.0,11.0,Ayes,1714375968,0.0,0.0
379,staking_admin,GkR4gRvFXCTErUAFoQQUF5VWPF13HopwywxdWXCoxwrpSZk,11.0,1.0,11.0,Nays,1713952638,0.0,0.0
379,staking_admin,DhK6qU2U5kDWeJKvPRtmnWRs8ETUGZ9S9QmNmQFuzrNoKm4,110.0,0.1,11.0,Abstains,1713682728,0.0,0.0
379,staking_admin,JLBsB2Nh6Kg5AAtMat67BrjYEFkDkETtRc9hSnhvwCjkz5G,10.9,1.0,10.9,Nays,1714040592,0.0,0.0
379,staking_admin,Et8jw8wkybT7G36XbmeTtnjXx2TL2echLLLtfYS4quptmqR,10.9,1.0,10.9,Nays,1714040604,0.0,0.0
379,staking_admin,F9wYAGszUHTfXvVXwRJV6385VxzkpaWQ98TUU3BCpPy4gXj,10.9,1.0,10.9,Ayes,1713675972,0.0,0.0
379,staking_admin,DDiisoLVB3MC9Z2vXkuupXPdkM3KzPbyBhydrenG3TFJYVh,10.9,1.0,10.9,Ayes,1713675966,0.0,0.0
379,staking_admin,DBe4Bd4452xAdu9UxdNiyx9HS25TZSGzHK63ePdFK2ys2zA,10.9,1.0,10.9,Ayes,1713675954,0.0,0.0
379,staking_admin,EJLNUxMw6XrVt1Uagpvo9Zmnt7Yvx2X5EWztUun8k3p9ZHv,3.0,0.6625000000000001,10.600000000000001,Nays,1714479948,10.3,13.0
379,staking_admin,HngY6Xx5TtsGcLWYC4N16gTVttH9p8pCpehrHUS9T1aaLia,10.5,1.0,10.5,Ayes,1713676044,0.0,0.0
379,staking_admin,G83zrjcqZ5TAM7d4TXsWS8CPuxFHBj3nj5ZUogySfDeYqyJ,10.2,1.0,10.2,Ayes,1713675984,0.0,0.0
379,staking_admin,GWXg67Kn4zo3PTwAf51n4oNdvHzjEAtfZLmbM2a8LairgQV,10.2,1.0,10.2,Ayes,1713675990,0.0,0.0
379,staking_admin,G56GXDf11XFMLKDsyzRM7yZekiokZJfqtNgEF3sNdB6cbqT,10.2,1.0,10.2,Ayes,1713676002,0.0,0.0
379,staking_admin,EM1wU9SBBMrqLYSrKqx6GjKQB1LzWMo1h61gYDUpxZksAzK,10.2,1.0,10.2,Ayes,1713676014,0.0,0.0
379,staking_admin,Eex9GNBwsvCfrNWvsahFbZdjiuNKyLSczcLcdwV85irifbs,10.2,1.0,10.2,Ayes,1713735126,0.0,0.0
379,staking_admin,FUJdymoC7uCaxtE7hMf1HktCGAGNbniD7ebsZ3SNetLUeE2,10.2,1.0,10.2,Ayes,1713735108,0.0,0.0
379,staking_admin,EqbjvFvZZo11txeXQjzLdUfLWHCaXsY3k2gDydpnRrShkag,10.18,1.0,10.18,Nays,1713941490,0.0,0.0
379,staking_admin,GAEP1qFK5eSpqarfRwW7h4ekPffp5Ydy2wZMZSWynho1zAd,10.11,1.0,10.11,Nays,1714654884,0.0,0.0
379,staking_admin,GNoEBma3eRiXm9cF4erHzRnbJTbMC55KhxRP5xpUqm2pqFN,10.1,1.0,10.1,Nays,1714649670,0.0,0.0
379,staking_admin,EaEcqkSUo1TVY4q3sz5uQLqdtpcgRm17qMHQko9cLKPH6RA,10.1,1.0,10.1,Nays,1714650054,0.0,0.0
379,staking_admin,CdMEeN5ajikZr1jvY8aQg4nZY1nBaZBphDspt1ttaiypie8,10.1,1.0,10.1,Nays,1714654986,0.0,0.0
379,staking_admin,FtAGtbUaVHiGCJrzCuff5FUCsXXDnsA9thgT4DhCuFpJSrU,1.0,0.9181818181818181,10.1,Nays,1714574292,10.0,10.0
379,staking_admin,HetEVryAvZ8m8QM2du43tQsULdYdXqHdDNA5kfGDLz3ybuT,10.0311,1.0,10.0311,Nays,1714649082,0.0,0.0
379,staking_admin,FdA6PTtnr1yVfCv8RYqdSBfz1UhQFbfW12mn795L8zPaXhq,10.03,1.0,10.03,Ayes,1713607824,0.0,0.0
379,staking_admin,HePvh2WtXPUnAE8ECNPGYxjUDtiD9xmrUnDXoj1e2JmbwQe,10.03,1.0,10.03,Nays,1714649520,0.0,0.0
379,staking_admin,H7ofPkmqC3xRqAsz3DVoqsdpKkisGaaqwUPp9pRBHZ12g2D,10.02,1.0,10.02,Nays,1714649766,0.0,0.0
379,staking_admin,E2a7yoiDXAtb7REBKzqwGSY9SvoXqWfn1cBxnDD47GyFkMC,10.01,1.0,10.01,Nays,1714652010,0.0,0.0
379,staking_admin,Em4SALRPUSKodzt2MuTsnRaS1RcTd4K7mNYpjLpDy4qh4Hw,10.0,1.0,10.0,Nays,1714372650,0.0,0.0
379,staking_admin,F3AHXUCQ31dZ6vZ1PsJvUQSoonXUMS93qM6dRMK4T11uBp4,10.0,1.0,10.0,Ayes,1713622890,0.0,0.0
379,staking_admin,Gq3wD3R2HqzDaJqtEY1koP7kUhg9sb51sbMC3FYBSJgCuhb,10.0,1.0,10.0,Ayes,1713622788,0.0,0.0
379,staking_admin,EkedWnuzp6hH2vevLLDyMoQfgmngMUvp5fwpmmjL6BmTNf7,100.0,0.1,10.0,Ayes,1713778050,0.0,0.0
379,staking_admin,HvytFGm5EeBRrsoQi9FWatgnUer4rwk5rwZmhEvFSJqyiHT,100.0,0.1,10.0,Ayes,1713540018,0.0,0.0
379,staking_admin,FPwa55diVEYwSuhNXwDACk31u4BTe2kgC255BsibKJwFksc,10.0,1.0,10.0,Nays,1714458054,0.0,0.0
379,staking_admin,DY3hczPcJjHXScXkKwJZ7vgqTE4bZaCUa56XsAQH8gDzB7x,10.0,1.0,10.0,Nays,1714458024,0.0,0.0
379,staking_admin,FoAcuru54tGpm6TE3eHVF3gkKtTmTKjLUxBRXMvi1myi6uH,10.0,1.0,10.0,Nays,1714371144,0.0,0.0
379,staking_admin,GaBaRT2R67TW8QxZtN7S4EUXMh5viYY2q6xiLoDcxodfzmq,10.0,1.0,10.0,Nays,1714371162,0.0,0.0
379,staking_admin,DKSw7Ypw2TUQc1Xfvd3s8L7kZ6gkFtZHMfSSd15LLBbqQRC,10.0,1.0,10.0,Nays,1714372134,0.0,0.0
379,staking_admin,EGU1mTpaHKdwqXJwZGSmyEhuh1Exy2o4yd6UyJ9HcGfBsjN,10.0,1.0,10.0,Nays,1714372170,0.0,0.0
379,staking_admin,CpRu1U13GaBdSxd4tqw3jjCGCpRgte5v8sLkaXcqtzAxFRG,10.0,1.0,10.0,Nays,1714458108,0.0,0.0
379,staking_admin,EraxW9FCtQtJpnKSKGPxNSrzASoXpHRhctRs8gZv7C7GvHN,10.0,1.0,10.0,Nays,1714458078,0.0,0.0
379,staking_admin,CuPaiAMDGZPvKmndepvT3tbRD7hGmbLoub51PYK3G1rQZ5S,10.0,1.0,10.0,Nays,1714372668,0.0,0.0
379,staking_admin,EaNhNy9jwJoT842wkCYxuPoMhiw5g9deP5d7PX2r5AJtJYe,10.0,1.0,10.0,Nays,1714372842,0.0,0.0
379,staking_admin,DYGkobGPb7Hc6c7dZbxTDX3DnGEAjXcv1kuNV3tQvkscxUL,86.064862302823,0.1,8.606486230282,Nays,1713859476,0.0,0.0
379,staking_admin,G4urZifj85pm9wXefakQwYfBW86C7cfnbZaLZzZSEnAZzGJ,60.0,0.1,6.0,Ayes,1713633366,0.0,0.0
379,staking_admin,DMkKL7AZw9TkNw2NaBdocmFRGUG8r8T4kdGGcB13fv2LARy,54.0,0.1,5.4,Ayes,1713562278,0.0,0.0
379,staking_admin,ESQzLXFRon3h5hUfNN9QTSQQTEzto5XNTGxF3g1myZELwX6,1.0,0.09999999999999999,5.1,Nays,1714373646,5.0,50.0
379,staking_admin,DBdn3d5cWg8yfa3u7LsJdjxyrGxNfWoieWdrNGGrsivmbZk,50.0,0.1,5.0,Ayes,1713537102,0.0,0.0
379,staking_admin,Fm2v6yp5J4uXwzAWeVf4Xz8jwXejsWWkoS1WnvnytqkK3h6,5.0,1.0,5.0,Ayes,1714004022,0.0,0.0
379,staking_admin,Gpvr66V61fabb5UzuYoCyJLUjPNaQ7LRwjNuQHgyBraq5Ww,50.0,0.1,5.0,Ayes,1713537942,0.0,0.0
379,staking_admin,EwxPgctMzko7q2zQSLv4WnXzHBRfXx4twmm4X4bnEMZmW1M,50.0,0.1,5.0,Ayes,1713537936,0.0,0.0
379,staking_admin,H1LZZkqyYFv28bjP3HcGM5RdAEoCGFEuA8tHdfLGwwGw73t,50.0,0.1,5.0,Ayes,1713537108,0.0,0.0
379,staking_admin,FFQzhqbCaYKMxuETSvKh3afQQTTE8ijNTzVnVTg4KTu7vqh,47.4998,0.09999999999999999,4.74998,Ayes,1713562296,0.0,0.0
379,staking_admin,GChGaj47hbYhVbQknovnneY97i3GTWdFvcdAqbcJBqhmuhC,1.0,3.0,3.0,Nays,1714138380,0.0,0.0
379,staking_admin,EwMdRGsAD6Y3VKAj9pvEZkrrhM9RjPtjWp22CafeE9vPv1o,1.0,0.1,2.1,Ayes,1713799932,2.0,20.0
379,staking_admin,Het15PuxMMAtCbsgYouqnr9eyx8nQEyRUGrn4v7AoNakYom,1.0,2.0,2.0,Nays,1714287096,0.0,0.0
379,staking_admin,J9WosJHzwwQc78vZA9oA8QoqEVGtNbDGX1XGT3JHcs5tEvC,20.0,0.1,2.0,Ayes,1714058958,0.0,0.0
379,staking_admin,FykhnPA3pn269LAcQ8VQKDgUQ8ieAaSLwJDhAVhu3dcokVR,1.82,1.0,1.82,Ayes,1713537078,0.0,0.0
379,staking_admin,H8FCosmkRAgDevcgEppkgcmZLLurh3otcXsyeSZdWDHNJwf,18.0,0.1,1.8,Nays,1714054308,0.0,0.0
379,staking_admin,CmWzMp9is3LgQFWY6qtvkEUft57NXVVbXxKxarHjxPCrTtu,18.0,0.1,1.8,Nays,1714055700,0.0,0.0
379,staking_admin,FcGA1QJ8tfwgMFJuMutPcvPV911FELf4tbE2SMLejq6A6oc,16.0,0.1,1.6,Ayes,1714058934,0.0,0.0
379,staking_admin,GyND5n2RxCDdmzcfSqEhgc5G76tXkUN1pGRXBv3sbGvnXVA,14.0,0.1,1.4,Ayes,1714058970,0.0,0.0
379,staking_admin,HvUaoMXAcKNe17zaXGAJvH9ugQk1PRAuzGMKvtck6DV7pvr,14.0,0.1,1.4,Ayes,1714058910,0.0,0.0
379,staking_admin,GqPcF8dFg8qYxccJt3FsZzg6tmq6iHgWK3v8gJdG7Se1QoY,0.344808475885,4.0,1.37923390354,Nays,1714060488,0.0,0.0
379,staking_admin,EkGH87LjsT5Bu1zPwzMU8d3ATC9pMENDs5PmCr8ts6hWefy,3.0,0.1,1.3,Nays,1714535310,1.0,10.0
379,staking_admin,FVG5yJFM4GQXXP22rHnHhq7ppPR6ztjMWfX3wFTmV8jdU3y,1.0,1.0,1.0,Nays,1713942816,0.0,0.0
379,staking_admin,CzPKgpYLTrhebtheB2GsM19WFtgH66fv9fjChuHGjzRyVpe,1.0,1.0,1.0,Nays,1714652052,0.0,0.0
379,staking_admin,FemJRWRiyzbWtaJqSfPguJtVam4aRMuZb6vkDrX256ZqpeR,10.0,0.1,1.0,Ayes,1713666342,0.0,0.0
379,staking_admin,DAkLoGLEZ5wrfXBB5Htu84desmM6BNfdxyZjXGnt23957nK,1.0,1.0,1.0,Ayes,1713676026,0.0,0.0
379,staking_admin,Enu5SHWqWN7t6GU1HdnRDBALoqCcXVquk3j1kpoDYEpQnBf,1.0,1.0,1.0,Ayes,1713676032,0.0,0.0
379,staking_admin,EtETk1FbrDg7FoAfkREuXT7xHxCjbEf28sBvWf6zfB5wFyV,10.0,0.1,1.0,Abstains,1713682794,0.0,0.0
379,staking_admin,GeqoXYixFsP9wLtfjDCrjmtHa47h4LEbxH1B46cBAm5uKq6,2.0,0.1,0.2,Ayes,1713545400,0.0,0.0
379,staking_admin,GAjCmzPYQySBaQ36YmBJxonQacRTBwxrfPP6ihgZMJGTwwy,0.1,1.0,0.1,Ayes,1714138152,0.0,0.0
379,staking_admin,Gw1XDYHFaLZ4NheQxYDFTWzNPG2vDq3e6NAgQse8CpqmS2X,0.1,1.0,0.1,Nays,1713866838,0.0,0.0
379,staking_admin,JL6tYwnxTELKyzi2ohrNctYpwiZXRn2SfXK8BmKkweVunTc,0.1,0.10000000000000002,0.01,Ayes,1714049202,0.0,0.0
379,staking_admin,F54TRnxNpfyQqdEBfuzzNcSf6rJTimLVdxxNF973QGC9xEx,0.01,1.0,0.01,Ayes,1713730788,0.0,0.0
379,staking_admin,EcYq9RPj3FD5SgGnobeYpJHrKTHYr5XTqttwVii2f6veurd,0.01,1.0,0.01,Nays,1713867570,0.0,0.0
379,staking_admin,F4cAK9cqPjp9f5BG7vQHhmLtoT9aHm2BipXTxgBNPZELe7x,0.0,,0.0,Ayes,1713729810,0.0,0.0
379,staking_admin,EK2GjsVkPoffDzYpBTcGZKR1vayTDd5yVnRY3srGSwsfQU5,0.0,,0.0,Ayes,1713705546,0.0,0.0
379,staking_admin,HHk1EQvm7VCoz1qShCH1792AfGopBRqtHTTEc99uXwPseNm,0.0,,0.0,Ayes,1713723492,0.0,0.0
379,staking_admin,DtyiLRBwEVZKMo8F9heKPmYuLgHXG4k9RShc1ZqVafD8Bsa,0.0,,0.0,Ayes,1713727314,0.0,0.0
379,staking_admin,EkYhNRP3tk3r49ppSErHfw1Dt6yP647R7sxPV1WiBodptZM,0.0,,0.0,Nays,1714285992,0.0,0.0
